year,world_gtco2,region,emissions_gtco2,pct_share,population,emissions_per_capita
1960,9.387010408095339,China,0.7987999207448506,8.509630713266997,667070000,1.1974754084951365
1960,9.387010408095339,India,0.11132505425718525,1.185947915442586,435990338,0.25533835168885155
1960,9.387010408095339,United States,2.897315260185226,30.86515444455657,180671000,16.03641569585172
1960,9.387010408095339,European Union,2.0999776536232706,22.371101792027993,357710476,5.870607081754213
1960,9.387010408095339,Rest of World,3.479592519284808,37.06816513470587,1380070784,2.521314529389246
1961,9.415042136470143,China,0.5706301867818652,6.060835188102557,660330000,0.8641591125374662
1961,9.415042136470143,India,0.12040427618359567,1.278850104315489,446564729,0.2696233454290468
1961,9.415042136470143,United States,2.886872700170879,30.66234498291067,183691000,15.71591803719768
1961,9.415042136470143,European Union,2.1996457406031884,23.36310033157082,360681613,6.098580191841353
1961,9.415042136470143,Rest of World,3.6374892327306143,38.63486939310045,1411500774,2.577036654696595
1962,9.747287164298088,China,0.4596180740699149,4.715343524025666,665770000,0.690355639439919
1962,9.747287164298088,India,0.132581536541699,1.3601890896095943,457283090,0.2899331714664957
1962,9.747287164298088,United States,2.9939020314279836,30.715233694908562,186538000,16.049823796909926
1962,9.747287164298088,European Union,2.3546065415809267,24.156531985692087,363707978,6.473893024092331
1962,9.747287164298088,Rest of World,3.8065789806775636,39.05270170576409,1444073119,2.636001550471049
1963,10.266772213584883,China,0.4567794494449653,4.44910474238982,682335000,0.669435760213041
1963,10.266772213584883,India,0.14244414184017315,1.387428676480156,468138575,0.3042777276796153
1963,10.266772213584883,United States,3.126487470439275,30.45248696861454,189242000,16.52110773739062
1963,10.266772213584883,European Union,2.5128988347093366,24.4760357241032,366840786,6.850107541502587
1963,10.266772213584883,Rest of World,4.028162317151132,39.234943888412275,1477506688,2.7263242527881757
1964,10.82446609785044,China,0.46063709416445314,4.2555179165458155,698355000,0.6596030588518063
1964,10.82446609785044,India,0.13948826244656498,1.2886387299440574,479229598,0.2910677116536633
1964,10.82446609785044,United States,3.2643138045453366,30.156811200079193,191889000,17.011469154278448
1964,10.82446609785044,European Union,2.6442283315004107,24.428256392483974,370055037,7.145500174614325
1964,10.82446609785044,Rest of World,4.315798605193676,39.87077576094697,1511724565,2.8548842197280004
1965,11.310600441848921,China,0.5002863639440508,4.423163619970206,715185000,0.6995202135727829
1965,11.310600441848921,India,0.1537019400537241,1.35891936810915,490140146,0.31358773874793777
1965,11.310600441848921,United States,3.3995467555693972,30.056288992325857,194303000,17.49611048501257
1965,11.310600441848921,European Union,2.677125728373574,23.669174259469727,373129199,7.1747955816601054
1965,11.310600441848921,Rest of World,4.579939653908175,40.492453760125066,1546240177,2.961984639924523
1966,11.862646324054055,China,0.5494593175073462,4.63184438360267,735400000,0.7471570811902996
1966,11.862646324054055,India,0.15937340277488696,1.3434894577588752,500740247,0.31827560043298647
1966,11.862646324054055,United States,3.5714213141813502,30.10644688057107,196560000,18.169624105521724
1966,11.862646324054055,European Union,2.7586584919478896,23.255000752691405,376058575,7.335714900126636
1966,11.862646324054055,Rest of World,4.823733797642582,40.66321852537599,1580328367,3.0523617106232592
1967,12.237369275712846,China,0.46022589545446985,3.76082379378603,754550000,0.6099342594320719
1967,12.237369275712846,India,0.15955583912402782,1.3038410096906505,511606372,0.311872267150003
1967,12.237369275712846,United States,3.7054609529718263,30.27988180699873,198712000,18.647393982103882
1967,12.237369275712846,European Union,2.820350505959529,23.047032760194604,378902917,7.443464748938655
1967,12.237369275712846,Rest of World,5.091776082202993,41.608420629329984,1615244067,3.152326132149163
1968,12.90528307166949,China,0.49550656603587456,3.8395637142097447,774510000,0.6397678093709243
1968,12.90528307166949,India,0.17406933573514285,1.3488222983443974,522716889,0.33300882255431175
1968,12.90528307166949,United States,3.8409195562562455,29.76238130481678,200706000,19.137044015905083
1968,12.90528307166949,European Union,2.9935901632145097,23.196625340099914,381579577,7.845257827345695
1968,12.90528307166949,Rest of World,5.401197450427718,41.85260734252916,1651191095,3.271091678475724
1969,13.761785288614103,China,0.6076833656942292,4.415730611616211,796025000,0.7633973376391813
1969,13.761785288614103,India,0.1774133572271702,1.2891739952806431,533880544,0.33230908902941814
1969,13.761785288614103,United States,4.035145340419413,29.321379863104784,202677000,19.909241504558548
1969,13.761785288614103,European Union,3.192298841107081,23.19683655977578,384226226,8.308383512340152
1969,13.761785288614103,Rest of World,5.749244384166212,41.77687897022259,1688006782,3.40593678027427
1970,14.899124437287373,China,0.8079526265844333,5.422819508523644,818315000,0.987336938201589
1970,14.899124437287373,India,0.18172264515743614,1.2196867401325073,545864268,0.33290811619388894
1970,14.899124437287373,United States,4.3396860069355485,29.127121027829062,205052000,21.16383164726776
1970,14.899124437287373,European Union,3.3317866876604647,22.362298547706274,386406167,8.622498738899436
1970,14.899124437287373,Rest of World,6.237976470949491,41.868074175808516,1724951610,3.6163196896575496
1971,15.503854716903986,China,0.9092097002588906,5.8644106053675245,841105000,1.0809705093405586
1971,15.503854716903986,India,0.19196368505621278,1.2381674658426278,558096387,0.3439615262304373
1971,15.503854716903986,United States,4.365465254134969,28.157289486048043,207661000,21.022075662425635
1971,15.503854716903986,European Union,3.425789932470308,22.09637535325418,388553371,8.81678088045801
1971,15.503854716903986,Rest of World,6.611426144983606,42.643757089487636,1763197788,3.7496792418750506
1972,16.224596650076503,China,0.9686455958746376,5.9702291327536345,862030000,1.1236796815361851
1972,16.224596650076503,India,0.20303598325111302,1.2514085103629102,570482142,0.35590243463065846
1972,16.224596650076503,United States,4.573015379301501,28.18569532377212,209896000,21.787053489830683
1972,16.224596650076503,European Union,3.5560015675761965,21.917349591303577,391197266,9.09004708528867
1972,16.224596650076503,Rest of World,6.923898124073055,42.675317441807756,1800840914,3.8448138701456975
1973,17.085092898237612,China,1.0082925758136227,5.901592586117174,881940000,1.1432666347071487
1973,17.085092898237612,India,0.20909504121954509,1.2238449182861275,583465598,0.3583673860743116
1973,17.085092898237612,United States,4.785433993314527,28.009411607051675,211909000,22.582495284837012
1973,17.085092898237612,European Union,3.729276818990005,21.827664860837213,393739994,9.471419911155902
1973,17.085092898237612,Rest of World,7.352994468899912,43.037486027707814,1840013866,3.996162531581657
1974,17.011071682690527,China,1.0280998671539423,6.043710157309352,900350000,1.1418891177363717
1974,17.011071682690527,India,0.2158531809983455,1.2688981918639792,597041391,0.3615380512175336
1974,17.011071682690527,United States,4.621418771255842,27.16712302116937,213854000,21.610158197909982
1974,17.011071682690527,European Union,3.7101732794765203,21.810344161042927,396124649,9.36617624993218
1974,17.011071682690527,Rest of World,7.435526583805877,43.70992446861437,1879924200,3.955226803190191
1975,17.05275262618713,China,1.1832149556681808,6.938556968516461,916395000,1.2911626052828538
1975,17.05275262618713,India,0.2342091234736865,1.3734388142945455,611309535,0.38312689409250994
1975,17.05275262618713,United States,4.478562948820032,26.262991359779114,215973000,20.73667981099504
1975,17.05275262618713,European Union,3.6373609397486955,21.330051631447276,398397694,9.12997488320978
1975,17.05275262618713,Rest of World,7.519404658476535,44.09496122596261,1919995542,3.916365686268106
1976,17.989112065979,China,1.226421276914655,6.817575389026912,930685000,1.317761946216663
1976,17.989112065979,India,0.2447493671481686,1.3605416779355024,625861883,0.3910597110899125
1976,17.989112065979,United States,4.7481114129818796,26.394362298523365,218035000,21.77683130223074
1976,17.989112065979,European Union,3.9130024023721273,21.752059734912628,400490355,9.770528437250697
1976,17.989112065979,Rest of World,7.856827606562167,43.67546089960157,1960686301,4.007182384328888
1977,18.498634216613343,China,1.3408311147290002,7.248270867072014,943455000,1.4211924413236456
1977,18.498634216613343,India,0.2589617334090521,1.3998965025022359,640801103,0.40412185964831604
1977,18.498634216613343,United States,4.889953300780192,26.434131533822097,220239000,22.202939991464692
1977,18.498634216613343,European Union,3.8746408362063822,20.945550848973628,402445831,9.627732573545735
1977,18.498634216613343,Rest of World,8.134247231488718,43.97215024763003,2002017870,4.063024288334009
1978,19.069290539681667,China,1.4927778454531875,7.8281771539787295,956165000,1.5612136456084331
1978,19.069290539681667,India,0.2631495552584721,1.379965105208707,655728229,0.4013088709933702
1978,19.069290539681667,United States,4.941708664262827,25.914486194331808,222585000,22.201445130007983
1978,19.069290539681667,European Union,4.005136633364837,21.003071011113228,404312949,9.90603106645698
1978,19.069290539681667,Rest of World,8.366517841342343,43.874300535367524,2044639865,4.0919273778036915
1979,19.609020291566715,China,1.5256611481503406,7.780404759979183,969005000,1.5744615849766932
1979,19.609020291566715,India,0.27628473968285944,1.408967585196909,671155747,0.4116551797668797
1979,19.609020291566715,United States,5.008955779336503,25.544140935438335,225055000,22.256585187338665
1979,19.609020291566715,European Union,4.114610196488464,20.98325227527069,406112162,10.131708876249965
1979,19.609020291566715,Rest of World,8.683508427908546,44.283234444114875,2088728492,4.1573179382418965
1980,19.488524409128885,China,1.4944958841526663,7.668594362396207,981235000,1.5230764130434262
1980,19.488524409128885,India,0.2917110993869594,1.4968352311492346,687354025,0.42439716474630285
1980,19.488524409128885,United States,4.808877356405471,24.675430809696806,227225000,21.16350470417195
1980,19.488524409128885,European Union,4.079016943132164,20.930352947714482,407986180,9.997929202239556
1980,19.488524409128885,Rest of World,8.814423126051626,45.22878664904328,2133802687,4.130852013521542
1981,19.02290478058068,China,1.476487854357187,7.761631945213978,993885000,1.4855721279194143
1981,19.02290478058068,India,0.3149661872903519,1.6557207793621593,703696250,0.44758827020941483
1981,19.02290478058068,United States,4.686743198002041,24.637368751308948,229466000,20.424564850574992
1981,19.02290478058068,European Union,3.8649200861859887,20.31719198916166,409724709,9.432968042417937
1981,19.02290478058068,Rest of World,8.67978745474511,45.62808653495324,2180154231,3.98127221061963
1982,18.871097906658395,China,1.6065850134287218,8.5134686989349,1008630000,1.5928388144599326
1982,18.871097906658395,India,0.3253800095765641,1.7242240551449763,720313473,0.4517200104857182
1982,18.871097906658395,United States,4.447601938419118,23.56832633913603,231664000,19.198502738531314
1982,18.871097906658395,European Union,3.772962572552822,19.99333897378375,410988238,9.180220317041828
1982,18.871097906658395,Rest of World,8.71856837268117,46.200641933000355,2227943530,3.9132806802698323
1983,18.9919104329692,China,1.694216811044144,8.92072873355095,1023310000,1.6556242106928927
1983,18.9919104329692,India,0.3521988456657621,1.8544677056519756,737372681,0.4776402146986539
1983,18.9919104329692,United States,4.42971105054511,23.324199354138212,233792000,18.94723108808304
1983,18.9919104329692,European Union,3.730055864915257,19.6402351310589,412072128,9.051948946460307
1983,18.9919104329692,Rest of World,8.785727860798929,46.260369075599975,2276377727,3.859521096429586
1984,19.64780141968842,China,1.8448280124044034,9.389488284199379,1036825000,1.7793051020224275
1984,19.64780141968842,India,0.3615594326706341,1.8402030076928972,754875449,0.4789656799007038
1984,19.64780141968842,United States,4.662488490712444,23.730331914085394,235825000,19.770967839340372
1984,19.64780141968842,European Union,3.765173009107937,19.163329925225018,412998350,9.116678091106023
1984,19.64780141968842,Rest of World,9.013752474793002,45.87664686879731,2325516501,3.8760217228804783
1985,20.31190162559456,China,1.9980829041443624,9.83700561855136,1051040000,1.9010531513019129
1985,20.31190162559456,India,0.3975921154960393,1.957434231539614,772647793,0.5145839010971449
1985,20.31190162559456,United States,4.6529379887376106,22.907446454321885,237924000,19.556404518827907
1985,20.31190162559456,European Union,3.823161737431707,18.822273797418497,413962998,9.235515627973365
1985,20.31190162559456,Rest of World,9.440126879784843,46.475839898168644,2375165997,3.974512472689648
1986,20.614963191398914,China,2.1042133538709558,10.207213732736069,1066790000,1.9724719521845497
1986,20.614963191398914,India,0.4263093881006889,2.0679609473111067,790689978,0.5391612388701466
1986,20.614963191398914,United States,4.663711645125507,22.622944323622786,240133000,19.421369179269437
1986,20.614963191398914,European Union,3.8084679627496683,18.474289414878303,415087013,9.175107491858986
1986,20.614963191398914,Rest of World,9.612260841552095,46.62759158145174,2425011571,3.963799990277282
1987,21.250074601500124,China,2.2577385394573217,10.624614650990164,1084035000,2.082717384085681
1987,21.250074601500124,India,0.45534305297944133,2.142783314969148,808931270,0.5628946115279254
1987,21.250074601500124,United States,4.826012650503312,22.71056803801821,242289000,19.918414168630488
1987,21.250074601500124,European Union,3.8410707184342363,18.075563453142326,416296769,9.226760821759433
1987,21.250074601500124,Rest of World,9.869909640125814,46.44647054288016,2475478239,3.987071865399587
1988,22.085130011617036,China,2.425893552815968,10.984284681774206,1101630000,2.20209467136513
1988,22.085130011617036,India,0.49169217093890555,2.226349451781673,827342990,0.5943026977709759
1988,22.085130011617036,United States,5.050858381251685,22.869950861031267,244499000,20.65799198054669
1988,22.085130011617036,European Union,3.802716346382842,17.21844673036821,417653885,9.104946662672232
1988,22.085130011617036,Rest of World,10.313969560227635,46.700968275044644,2526041131,4.083056856696778
1989,22.386637474888218,China,2.4636543673780835,11.005021947318532,1118650000,2.202346012942461
1989,22.386637474888218,India,0.5406510373545403,2.415061386333724,846039529,0.6390375612751545
1989,22.386637474888218,United States,5.132543278560299,22.926816429299095,246819000,20.794765713175643
1989,22.386637474888218,European Union,3.839695101989548,17.15172770496084,419102379,9.161711539675007
1989,22.386637474888218,Rest of World,10.410093689605748,46.50137253208782,2577043958,4.039548358222358
1990,22.728988297609117,China,2.4848548200000007,10.932535964486306,1135185000,2.1889426128780776
1990,22.728988297609117,India,0.5779960468230255,2.5429906481311595,864972221,0.6682249820171109
1990,22.728988297609117,United States,5.120957207036089,22.530510993200554,249623000,20.514765093905964
1990,22.728988297609117,European Union,3.8701080693571095,17.027190206104375,420525030,9.203038566710546
1990,22.728988297609117,Rest of World,10.675072154392897,46.96677218807763,2628941506,4.060597061604191
1991,23.186101443204016,China,2.6060961821768402,11.239906754314243,1150780000,2.2646345801776535
1991,23.186101443204016,India,0.6153649808902576,2.6540252245408196,883927600,0.6961712485165726
1991,23.186101443204016,United States,5.062956717790391,21.83617082066366,252981000,20.01318959839036
1991,23.186101443204016,European Union,3.8043983431420507,16.40809841387605,421741276,9.020692447333637
1991,23.186101443204016,Rest of World,11.097285219204473,47.861798786605206,2679066353,4.142221116239921
1992,22.528172032547293,China,2.7307875873620606,12.121656312890321,1164970000,2.344084042818322
1992,22.528172032547293,India,0.6554470163850181,2.9094549501755815,902957070,0.7258894560568844
1992,22.528172032547293,United States,5.1742275065790615,22.96780892432667,256514000,20.171325957176066
1992,22.528172032547293,European Union,3.6775071450247196,16.324037031107927,422968989,8.69450773145149
1992,22.528172032547293,Rest of World,10.29020277719643,45.677042781499495,2729713907,3.769700095972889
1993,22.75578698466023,China,2.9216509561567623,12.839155851328101,1178440000,2.479253043139033
1993,22.75578698466023,India,0.6772992355708196,2.976382385840533,922118387,0.7345035573732894
1993,22.75578698466023,United States,5.272850808250576,23.171471994376756,259919000,20.286515446160443
1993,22.75578698466023,European Union,3.6078690022262094,15.85473183001005,424344744,8.502212065165132
1993,22.75578698466023,Rest of World,10.276116982455859,45.15825793844455,2779956490,3.6965028119759737
1994,22.992946898531393,China,3.103738692903476,13.498655507710142,1191835000,2.60416810456437
1994,22.992946898531393,India,0.7140637262017557,3.10557724224277,941163767,0.7587029497298484
1994,22.992946898531393,United States,5.364279285279747,23.330107745442472,263126000,20.386732156000345
1994,22.992946898531393,European Union,3.5891933485520444,15.609975373714683,425404352,8.43713359225823
1994,22.992946898531393,Rest of World,10.221671845594372,44.45568413088994,2829324059,3.6127610808947535
1995,23.532083006182194,China,3.3616372347441406,14.28533646537365,1204855000,2.7900761790789272
1995,23.532083006182194,India,0.7604616205487809,3.231595011580562,960301044,0.7918991917171975
1995,23.532083006182194,United States,5.425259695882842,23.054736354863074,266278000,20.374419576092812
1995,23.532083006182194,European Union,3.635527661862718,15.44923864541705,426210050,8.52989661286194
1995,23.532083006182194,Rest of World,10.349196793143712,43.97909352276566,2878861423,3.594892310710473
1996,24.25816744906004,China,3.5088181468360924,14.464481516191583,1217550000,2.881867805704975
1996,24.25816744906004,India,0.8236206411580834,3.395230257551863,979678458,0.8407050644346039
1996,24.25816744906004,United States,5.612982751633382,23.138527522411323,269394000,20.835589328765234
1996,24.25816744906004,European Union,3.7203059783757366,15.336302654304134,426905134,8.71459648076225
1996,24.25816744906004,Rest of World,10.592439931056745,43.665458049541094,2929087035,3.616294020794348
1997,24.40190570535728,China,3.5155942292319997,14.407047841596132,1230075000,2.8580324201629983
1997,24.40190570535728,India,0.8580111891397104,3.5161646778732516,999133762,0.858755075418731
1997,24.40190570535728,United States,5.688142511024653,23.310238879317765,272657000,20.861897956130424
1997,24.40190570535728,European Union,3.653909368334914,14.97386889554582,427547651,8.546203820296311
1997,24.40190570535728,Rest of World,10.686248407626003,43.792679705667034,2979053145,3.5871291606736353
1998,24.303777314257985,China,3.36458759405,13.843887518160154,1241935000,2.7091495078647436
1998,24.303777314257985,India,0.8757723404297196,3.6034412639056788,1018665080,0.8597254952822371
1998,24.303777314257985,United States,5.733280550498556,23.59008016064682,275854000,20.783749920242432
1998,24.303777314257985,European Union,3.644298458489585,14.994782133523051,428120105,8.512327302380683
1998,24.303777314257985,Rest of World,10.685838370790124,43.967808923764295,3029465879,3.527301114319672
1999,24.853727678796318,China,3.5572746007987806,14.312841304017464,1252735000,2.8396066213515074
1999,24.853727678796318,India,0.9607629224211617,3.86566930658384,1038225823,0.9253891601780758
1999,24.853727678796318,United States,5.803917834036096,23.35230315968918,279040000,20.79959086165459
1999,24.853727678796318,European Union,3.5889615697091455,14.440335132387519,428825949,8.369273310251907
1999,24.853727678796318,Rest of World,10.942810751831136,44.02885109732201,3079577565,3.5533479903861864
2000,25.510552796846834,China,3.649226559252001,14.304772571228069,1262645000,2.890144545182534
2000,25.510552796846834,India,0.9864446174803152,3.8668100426355405,1057922733,0.9324354101768936
2000,25.510552796846834,United States,6.010135927923955,23.559410788882715,282162411,21.300271381378135
2000,25.510552796846834,European Union,3.6002115613656605,14.11263640594513,429339162,8.3854720929596
2000,25.510552796846834,Rest of World,11.264534130824902,44.15637019130854,3129815505,3.5991048395119063
2001,25.70629344761658,China,3.728509817047192,14.50426847668655,1271850000,2.931564112943501
2001,25.70629344761658,India,1.0005267110088407,3.8921469291077706,1077898575,0.928219717712161
2001,25.70629344761658,United States,5.9077399353836695,22.981687139852593,284968955,20.731170296721164
2001,25.70629344761658,European Union,3.6569209890103465,14.225780921945425,429909307,8.506261505546671
2001,25.70629344761658,Rest of World,11.412595995166528,44.396116532407646,3180486069,3.58831818394188
2002,26.276868728392017,China,4.103046353595998,15.614670058318927,1280400000,3.204503556385503
2002,26.276868728392017,India,1.032139757359928,3.927940456028182,1097600380,0.9403602405457695
2002,26.276868728392017,United States,5.946308144551857,22.629439626217344,287625193,20.673808446786012
2002,26.276868728392017,European Union,3.6576533652243435,13.919669816945381,430924112,8.487929227836625
2002,26.276868728392017,Rest of World,11.53772110765989,43.908280042490155,3231007714,3.570935797419111
2003,27.669489789266514,China,4.8411186896,17.496234034203102,1288400000,3.757465608196213
2003,27.669489789266514,India,1.0677369737321587,3.8588965024803343,1116803006,0.9560656337740541
2003,27.669489789266514,United States,6.010145462850155,21.721200891754776,290107933,20.716929043268028
2003,27.669489789266514,European Union,3.7364420095978788,13.503834143871027,432512916,8.63891428758599
2003,27.669489789266514,Rest of World,12.01404665348632,43.41983442769076,3281926586,3.6606689207295755
2004,28.632505929420237,China,5.217350872588011,18.2217752279486,1296075000,4.025500740765783
2004,28.632505929420237,India,1.1338276029906567,3.959931435221098,1135991513,0.998095135408513
2004,28.632505929420237,United States,6.112654584187942,21.34865386653816,292805298,20.876174802642886
2004,28.632505929420237,European Union,3.7438097084763005,13.075382635752785,434193248,8.622450316123526
2004,28.632505929420237,Rest of World,12.424863161177326,43.394256834539355,3333704756,3.727043655805171
2005,29.61439409933834,China,5.882106218859989,19.86232167752306,1303720000,4.511786440999593
2005,29.61439409933834,India,1.19459241251848,4.03382358089565,1154676322,1.0345690733913566
2005,29.61439409933834,United States,6.132183270219091,20.70676593837893,295516599,20.750723617454366
2005,29.61439409933834,European Union,3.735484568605513,12.613746396685432,435789139,8.571770689781951
2005,29.61439409933834,Rest of World,12.670027629135268,42.78334240651693,3386139446,3.741732386155035
2006,30.628396101337906,China,6.494330723336002,21.203626536135587,1311020000,4.953647330579245
2006,30.628396101337906,India,1.292484616288268,4.219889974035597,1172878890,1.101976194906422
2006,30.628396101337906,United States,6.052686214908383,19.761681920536446,298379912,20.285166566133928
2006,30.628396101337906,European Union,3.7524866854673236,12.251659123944163,437263803,8.58174552689266
2006,30.628396101337906,Rest of World,13.03640786133793,42.563142445348205,3440434420,3.7891749325475965
2007,31.534644030383014,China,6.983547409235989,22.145635772858185,1317885000,5.299056753234151
2007,31.534644030383014,India,1.3925060081872163,4.415797453890915,1190676021,1.169508735900894
2007,31.534644030383014,United States,6.130122759520679,19.4393275967042,301231207,20.35022473458628
2007,31.534644030383014,European Union,3.7024518114826273,11.740902506828323,438796003,8.437751907878312
2007,31.534644030383014,Rest of World,13.326016041956505,42.25833666971839,3495901168,3.811897248107932
2008,32.074198560429096,China,7.501497553569674,23.38795009776019,1324655000,5.662982099920111
2008,32.074198560429096,India,1.4894375026314186,4.643724767823139,1207930964,1.233048532590989
2008,32.074198560429096,United States,5.915118465170846,18.44198368363444,304093966,19.451614061854965
2008,32.074198560429096,European Union,3.6259255021458676,11.304804686902703,440270719,8.235672611573035
2008,32.074198560429096,Rest of World,13.54221953691129,42.22153676387953,3553562892,3.8108850042863653
2009,31.54192194312371,China,7.891078304928004,25.017747235432164,1331260000,5.927526031675258
2009,31.54192194312371,India,1.6122163394002487,5.1113446489005705,1225524753,1.3155314370057842
2009,31.54192194312371,United States,5.480725731474383,17.376004358127602,306771529,17.865822650948758
2009,31.54192194312371,European Union,3.3305508380300908,10.559124596261855,441388573,7.545620892251986
2009,31.54192194312371,Rest of World,13.227350729290984,41.9357791612778,3611644261,3.662417938589712
2010,33.35590344252027,China,8.620575738494313,25.84422800404584,1337705000,6.444302546895103
2010,33.35590344252027,India,1.6773371961016326,5.028606702235069,1243481564,1.3489039521470803
2010,33.35590344252027,United States,5.679715248584084,17.027616290985826,309378227,18.358484059009374
2010,33.35590344252027,European Union,3.424056363578412,10.265218477679166,442088310,7.745186394045144
2010,33.35590344252027,Rest of World,13.95421889576183,41.834330525054106,3668613775,3.8036761980379987
2011,34.504538119267394,China,9.532332109920082,27.62631418792188,1345035000,7.087051348046766
2011,34.504538119267394,India,1.7647124191032093,5.114435709886494,1261224954,1.3992051247530337
2011,34.504538119267394,United States,5.546116067320566,16.073584431560917,311839461,17.78516435840224
2011,34.504538119267394,European Union,3.3268338915166598,9.641728517035125,441414078,7.536764361005858
2011,34.504538119267394,Rest of World,14.334543631406877,41.543937153595586,3727606541,3.8455087664808554
2012,35.00002034314161,China,9.779292069088132,27.94081824299403,1354190000,7.221506634289231
2012,35.00002034314161,India,1.9256997187372702,5.501995998452665,1278674502,1.506012449396031
2012,35.00002034314161,United States,5.3440859797277644,15.26880821020711,314339099,17.001022134149988
2012,35.00002034314161,European Union,3.2575761317913483,9.307354966808422,442069839,7.368917407168663
2012,35.00002034314161,Rest of World,14.69336644379709,41.98102258153777,3787655744,3.8792771669053487
2013,35.30165584461887,China,9.956328870459307,28.203574682962014,1363240000,7.303430702194262
2013,35.30165584461887,India,1.9950981112364767,5.651570906526174,1295829511,1.53963009354282
2013,35.30165584461887,United States,5.480156536706715,15.523794580140269,316726282,17.302500133874947
2013,35.30165584461887,European Union,3.175109731909482,8.994223233847181,442425741,7.176593578693881
2013,35.30165584461887,Rest of World,14.694962594306888,41.626836596524356,3847670798,3.8191839597985506
2014,35.450094746040755,China,9.990257301420854,28.181186462235384,1371860000,7.282271734302957
2014,35.450094746040755,India,2.148343713570936,6.0601917398567,1312277191,1.6371112203312963
2014,35.450094746040755,United States,5.528681067176277,15.595673599134027,319257560,17.317306651019564
2014,35.450094746040755,European Union,3.0384102985547354,8.570951136580758,442920819,6.859940125223004
2014,35.450094746040755,Rest of World,14.744402365317955,41.59199706219314,3907752460,3.7731157529149004
2015,35.40489697074173,China,9.863456795781795,27.859018496601927,1379860000,7.148157636123806
2015,35.40489697074173,India,2.234219516899492,6.310481622770515,1328024498,1.6823631794927116
2015,35.40489697074173,United States,5.376473124678936,15.185676515658278,321815121,16.7067138050326
2015,35.40489697074173,European Union,3.094753598116276,8.74103263363187,443793218,6.973413456075563
2015,35.40489697074173,Rest of World,14.83599393526523,41.9037907313374,3968184628,3.738735801399115
2016,35.41665607605177,China,9.76271369159694,27.565317489694756,1387790000,7.034719728198747
2016,35.41665607605177,India,2.3546579778063594,6.648448043062272,1343944296,1.7520502782850156
2016,35.41665607605177,United States,5.252932175086567,14.831812929506135,324353340,16.195091979279656
2016,35.41665607605177,European Union,3.0932822891852387,8.733976134118633,444676652,6.956250739211824
2016,35.41665607605177,Rest of World,14.953069942376668,42.22044540361821,4028115697,3.7121748894931677
2017,35.98989787626001,China,10.006342971143296,27.803199124229174,1396215000,7.166763694089589
2017,35.98989787626001,India,2.426606901535501,6.742466760752222,1359657400,1.7847193723474024
2017,35.98989787626001,United States,5.212162345481302,14.482292679467138,326608609,15.958435270398223
2017,35.98989787626001,European Union,3.117226044927285,8.66139174844255,445321060,6.999952000759374
2017,35.98989787626001,Rest of World,15.227559613172623,42.31064968710891,4086721341,3.7261066616904484
2018,36.730426557362776,China,10.332992388773533,28.131969479407637,1402760000,7.366186937732422
2018,36.730426557362776,India,2.593057866598569,7.059699844620451,1374659064,1.8863279881582107
2018,36.730426557362776,United States,5.377797353125854,14.641260277027332,328529577,16.36929436379439
2018,36.730426557362776,European Union,3.0498679294358904,8.303382822611221,446329890,6.833214619428446
2018,36.730426557362776,Rest of World,15.376711019428928,41.863687576333355,4144955205,3.709741181492196
2019,37.10427785781189,China,10.71398481906079,28.87533577696374,1407745000,7.610742584104927
2019,37.10427785781189,India,2.6128880378309773,7.042012912483791,1389030312,1.8810878461455616
2019,37.10427785781189,United States,5.262145074316446,14.182044168819635,330226227,15.934970163095027
2019,37.10427785781189,European Union,2.9047077976459987,7.828498397886068,446910453,6.499529778610927
2019,37.10427785781189,Rest of World,15.610552128957673,42.07210874384676,4204096629,3.7131763388299786
2020,35.126526123731026,China,10.905692963763483,31.046887259357366,1411100000,7.728504686955909
2020,35.126526123731026,India,2.421552261202166,6.893799439979908,1402617695,1.7264520972709998
2020,35.126526123731026,United States,4.714628031895343,13.421845403352314,331577720,14.218772093297893
2020,35.126526123731026,European Union,2.6273917329417573,7.479793827852295,446870959,5.879531171193779
2020,35.126526123731026,Rest of World,14.457261133928274,41.15767406945811,4262582050,3.3916675302304795
2021,36.991736275664024,China,11.44791286273868,30.94721690657701,1412360000,8.105520449983489
2021,36.991736275664024,India,2.6742219105183915,7.229241392158438,1414203896,1.8909733724269076
2021,36.991736275664024,United States,5.032212819231027,13.603613471210865,332099760,15.15271441096804
2021,36.991736275664024,European Union,2.801144050312871,7.572350833814948,446227358,6.277392006773531
2021,36.991736275664024,Rest of World,15.036244632863056,40.64757739623874,4315623840,3.484141618993155
2022,37.29383639277446,China,11.350537666704273,30.43542516560028,1412175000,8.037628244873527
2022,37.29383639277446,India,2.831166260914098,7.591512525277838,1425423212,1.9861934596544917
2022,37.29383639277446,United States,5.078871323198887,13.61852738803482,334017321,15.20541302467032
2022,37.29383639277446,European Union,2.7400777974279276,7.34726716921729,447202673,6.1271498648397555
2022,37.29383639277446,Rest of World,15.293183344529274,41.00726775186977,4370727011,3.4990021811108885
2023,37.7915687110248,China,11.902503160173499,31.495128585919808,1410710000,8.437243062127225
2023,37.7915687110248,India,3.062324489737139,8.10319495640248,1438069596,2.1294689062720016
2023,37.7915687110248,United States,4.911391016665274,12.995996684394026,336806231,14.582245114893
2023,37.7915687110248,European Union,2.5106219959532563,6.643338928719414,448897545,5.592861943482574
2023,37.7915687110248,Rest of World,15.404728048495633,40.76234084456427,4429574558,3.4776992342693585
